{"cameraMode":{"drawMode":0,"name":"Shaded","section":"Shading Mode"},"sceneLighting":true,"audioPlay":false,"sceneViewState":{"m_AlwaysRefresh":false,"showFog":true,"showSkybox":true,"showFlares":true,"showImageEffects":true,"showParticleSystems":true,"showVisualEffectGraphs":true,"m_FxEnabled":true},"in2DMode":false,"pivot":{"x":3.5762786865234377e-7,"y":1.6622569561004639,"z":0.41850003600120547},"rotation":{"x":-0.09034319967031479,"y":0.7185035943984985,"z":-0.09491485357284546,"w":-0.6831429600715637},"size":2.655959367752075,"orthographic":false}