{"cameraMode":{"drawMode":0,"name":"Shaded","section":"Shading Mode"},"sceneLighting":true,"audioPlay":false,"sceneViewState":{"m_AlwaysRefresh":false,"showFog":true,"showSkybox":true,"showFlares":true,"showImageEffects":true,"showParticleSystems":true,"showVisualEffectGraphs":true,"m_FxEnabled":true},"in2DMode":false,"pivot":{"x":23.438417434692384,"y":8.459467887878418,"z":6.285726070404053},"rotation":{"x":0.056355055421590808,"y":-0.9049237370491028,"z":0.12680956721305848,"w":0.40248340368270876},"size":4.72991418838501,"orthographic":false}